{"cameraMode":{"drawMode":0,"name":"Shaded","section":"Shading Mode"},"sceneLighting":true,"audioPlay":false,"sceneViewState":{"m_AlwaysRefresh":false,"showFog":true,"showSkybox":true,"showFlares":true,"showImageEffects":true,"showParticleSystems":true,"showVisualEffectGraphs":true,"m_FxEnabled":true},"in2DMode":false,"pivot":{"x":-11.277985572814942,"y":4.432312965393066,"z":19.688762664794923},"rotation":{"x":0.2623139023780823,"y":0.023738717660307885,"z":-0.006450250744819641,"w":0.9646754860877991},"size":27.39821434020996,"orthographic":false}